1382587417795	rescale
1382587418046	rescale
1382587438420	rescale
1382587659492	rescale
1382587659771	rescale
1382587659779	rescale
1382587841284	rescale
1382587841571	rescale
1382587841579	rescale
1382587841587	rescale
1382587841595	rescale
1382587860205	rescale
1382587957210	rescale
1382588018568	rescale
1382588021858	rescale
1382588027056	rescale
1382588041631	rescale
1382588048168	rescale
1382588050872	rescale
1382588052823	rescale
1382588055317	rescale
1382588057978	rescale
1382588060326	rescale
1382588063282	rescale
1382588130153	rescale
1382588132152	rescale
1382588133798	rescale
1382588135295	rescale
1382588141527	rescale
1382588143634	rescale
1382588146047	rescale
1382588148800	rescale
1382588275796	rescale
1382588278143	rescale
1382588282914	rescale
1382588284414	rescale
1382588290391	rescale
1382588291528	rescale
1382588292633	rescale
1382588296586	rescale
1382588299270	rescale
1382588300983	rescale
1382588305626	rescale
1382588415771	rescale
1382588417219	rescale
1382588428465	rescale
1382588437999	rescale
1382588439592	rescale
1382588441065	rescale
1382588442553	rescale
1382588450513	rescale
1382588453210	rescale
1382588454931	rescale
1382588456793	rescale
1382588458986	rescale
1382588460610	rescale
1382588462187	rescale
1382588464076	rescale
1382669111725	rescale
1382670612652	rescale
1382670612697	rescale
1382670705674	rescale
1382670708186	rescale
1382670712194	rescale
Thu Oct 24 2013 20:17:45 GMT-0700 (Pacific Daylight Time)	rescale
Thu Oct 24 2013 20:17:47 GMT-0700 (Pacific Daylight Time)	rescale
Thu Oct 24 2013 20:18:00 GMT-0700 (Pacific Daylight Time)	rescale
Thu Oct 24 2013 20:18:02 GMT-0700 (Pacific Daylight Time)	rescale
Thu Oct 24 2013 20:18:10 GMT-0700 (Pacific Daylight Time)	rescale
Thu Oct 24 2013 20:32:12 GMT-0700 (Pacific Daylight Time)	rescale
Thu Oct 24 2013 20:32:16 GMT-0700 (Pacific Daylight Time)	rescale
Thu Oct 24 2013 20:32:20 GMT-0700 (Pacific Daylight Time)	rescale
Thu Oct 24 2013 20:36:17 GMT-0700 (Pacific Daylight Time)	rescale
Thu Oct 24 2013 20:36:51 GMT-0700 (Pacific Daylight Time)	rescale
Thu Oct 24 2013 20:36:54 GMT-0700 (Pacific Daylight Time)	rescale
Thu Oct 24 2013 20:51:35 GMT-0700 (Pacific Daylight Time)	rescale
Thu Oct 24 2013 20:51:39 GMT-0700 (Pacific Daylight Time)	rescale
Thu Oct 24 2013 20:51:41 GMT-0700 (Pacific Daylight Time)	rescale
Thu Oct 24 2013 21:34:53 GMT-0700 (Pacific Daylight Time)	rescale
Thu Oct 24 2013 21:53:56 GMT-0700 (Pacific Daylight Time)	rescale
Thu Oct 24 2013 22:02:55 GMT-0700 (Pacific Daylight Time)	rescale
Thu Oct 24 2013 22:02:57 GMT-0700 (Pacific Daylight Time)	rescale
Thu Oct 24 2013 22:03:01 GMT-0700 (Pacific Daylight Time)	rescale
Thu Oct 24 2013 22:05:10 GMT-0700 (Pacific Daylight Time)	rescale
Thu Oct 24 2013 22:05:11 GMT-0700 (Pacific Daylight Time)	rescale
Thu Oct 24 2013 22:05:13 GMT-0700 (Pacific Daylight Time)	rescale
Thu Oct 24 2013 22:05:20 GMT-0700 (Pacific Daylight Time)	rescale
Thu Oct 24 2013 22:05:22 GMT-0700 (Pacific Daylight Time)	rescale
Thu Oct 24 2013 22:05:24 GMT-0700 (Pacific Daylight Time)	rescale
Thu Oct 24 2013 22:05:26 GMT-0700 (Pacific Daylight Time)	rescale
Thu Oct 24 2013 22:05:27 GMT-0700 (Pacific Daylight Time)	rescale
Thu Oct 24 2013 22:06:11 GMT-0700 (Pacific Daylight Time)	rescale
Thu Oct 24 2013 22:06:12 GMT-0700 (Pacific Daylight Time)	rescale
Thu Oct 24 2013 22:06:14 GMT-0700 (Pacific Daylight Time)	rescale
Thu Oct 24 2013 22:06:16 GMT-0700 (Pacific Daylight Time)	rescale
Thu Oct 24 2013 22:06:18 GMT-0700 (Pacific Daylight Time)	rescale
Thu Oct 24 2013 22:06:21 GMT-0700 (Pacific Daylight Time)	rescale
Thu Oct 24 2013 22:06:22 GMT-0700 (Pacific Daylight Time)	rescale
Thu Oct 24 2013 22:06:24 GMT-0700 (Pacific Daylight Time)	rescale
Thu Oct 24 2013 22:11:16 GMT-0700 (Pacific Daylight Time)	rescale
Thu Oct 24 2013 22:11:18 GMT-0700 (Pacific Daylight Time)	rescale
Thu Oct 24 2013 22:14:58 GMT-0700 (Pacific Daylight Time)	rescale
Thu Oct 24 2013 22:15:00 GMT-0700 (Pacific Daylight Time)	rescale
Thu Oct 24 2013 22:15:05 GMT-0700 (Pacific Daylight Time)	rescale
Thu Oct 24 2013 22:15:07 GMT-0700 (Pacific Daylight Time)	rescale
Thu Oct 24 2013 22:15:13 GMT-0700 (Pacific Daylight Time)	rescale
Thu Oct 24 2013 22:15:15 GMT-0700 (Pacific Daylight Time)	rescale
Thu Oct 24 2013 22:15:16 GMT-0700 (Pacific Daylight Time)	rescale
Thu Oct 24 2013 22:19:55 GMT-0700 (Pacific Daylight Time)	rescale
Thu Oct 24 2013 22:20:00 GMT-0700 (Pacific Daylight Time)	rescale
Thu Oct 24 2013 22:20:02 GMT-0700 (Pacific Daylight Time)	rescale
Thu Oct 24 2013 22:20:05 GMT-0700 (Pacific Daylight Time)	rescale
Thu Oct 24 2013 22:20:10 GMT-0700 (Pacific Daylight Time)	rescale
Thu Oct 24 2013 22:20:15 GMT-0700 (Pacific Daylight Time)	rescale
Thu Oct 24 2013 22:20:19 GMT-0700 (Pacific Daylight Time)	rescale
Thu Oct 24 2013 22:20:22 GMT-0700 (Pacific Daylight Time)	rescale
Fri Nov 08 2013 18:04:03 GMT-0800 (Pacific Standard Time)	urgent_alarm
Fri Nov 08 2013 18:05:03 GMT-0800 (Pacific Standard Time)	urgent_alarm
Fri Nov 08 2013 18:06:03 GMT-0800 (Pacific Standard Time)	urgent_alarm
Fri Nov 08 2013 18:09:27 GMT-0800 (Pacific Standard Time)	urgent_alarm
Fri Nov 08 2013 18:09:36 GMT-0800 (Pacific Standard Time)	ack
Fri Nov 08 2013 18:25:07 GMT-0800 (Pacific Standard Time)	urgent_alarm
Fri Nov 08 2013 18:29:10 GMT-0800 (Pacific Standard Time)	urgent_alarm
Fri Nov 08 2013 18:30:10 GMT-0800 (Pacific Standard Time)	urgent_alarm
Fri Nov 08 2013 18:31:10 GMT-0800 (Pacific Standard Time)	urgent_alarm
Fri Nov 08 2013 18:32:10 GMT-0800 (Pacific Standard Time)	urgent_alarm
Fri Nov 08 2013 18:32:21 GMT-0800 (Pacific Standard Time)	ack
Fri Nov 08 2013 18:40:19 GMT-0800 (Pacific Standard Time)	urgent_alarm
Fri Nov 08 2013 18:41:11 GMT-0800 (Pacific Standard Time)	ack
Fri Nov 08 2013 18:43:09 GMT-0800 (Pacific Standard Time)	urgent_alarm
Fri Nov 08 2013 18:44:09 GMT-0800 (Pacific Standard Time)	urgent_alarm
Fri Nov 08 2013 18:45:10 GMT-0800 (Pacific Standard Time)	urgent_alarm
Fri Nov 08 2013 18:45:27 GMT-0800 (Pacific Standard Time)	ack
Fri Nov 08 2013 18:49:05 GMT-0800 (Pacific Standard Time)	urgent_alarm
Fri Nov 08 2013 18:50:05 GMT-0800 (Pacific Standard Time)	urgent_alarm
Fri Nov 08 2013 18:50:23 GMT-0800 (Pacific Standard Time)	ack
Fri Nov 08 2013 18:51:58 GMT-0800 (Pacific Standard Time)	urgent_alarm
Fri Nov 08 2013 18:55:17 GMT-0800 (Pacific Standard Time)	urgent_alarm
Fri Nov 08 2013 18:57:12 GMT-0800 (Pacific Standard Time)	urgent_alarm
Fri Nov 08 2013 18:57:32 GMT-0800 (Pacific Standard Time)	ack
Fri Nov 08 2013 18:59:12 GMT-0800 (Pacific Standard Time)	urgent_alarm
Fri Nov 08 2013 19:00:12 GMT-0800 (Pacific Standard Time)	urgent_alarm
Fri Nov 08 2013 19:01:12 GMT-0800 (Pacific Standard Time)	urgent_alarm
Fri Nov 08 2013 19:03:06 GMT-0800 (Pacific Standard Time)	urgent_alarm
Fri Nov 08 2013 19:04:06 GMT-0800 (Pacific Standard Time)	urgent_alarm
Fri Nov 08 2013 19:05:06 GMT-0800 (Pacific Standard Time)	urgent_alarm
Fri Nov 08 2013 19:06:06 GMT-0800 (Pacific Standard Time)	urgent_alarm
Fri Nov 08 2013 19:07:06 GMT-0800 (Pacific Standard Time)	urgent_alarm
Fri Nov 08 2013 19:08:06 GMT-0800 (Pacific Standard Time)	urgent_alarm
Fri Nov 08 2013 19:09:06 GMT-0800 (Pacific Standard Time)	urgent_alarm
Fri Nov 08 2013 19:09:27 GMT-0800 (Pacific Standard Time)	ack
Fri Nov 08 2013 19:36:37 GMT-0800 (Pacific Standard Time)	alarm
Fri Nov 08 2013 19:36:43 GMT-0800 (Pacific Standard Time)	alarm
Fri Nov 08 2013 19:36:49 GMT-0800 (Pacific Standard Time)	alarm
Fri Nov 08 2013 19:36:55 GMT-0800 (Pacific Standard Time)	alarm
Fri Nov 08 2013 19:37:01 GMT-0800 (Pacific Standard Time)	alarm
Fri Nov 08 2013 19:37:13 GMT-0800 (Pacific Standard Time)	alarm
Fri Nov 08 2013 19:37:19 GMT-0800 (Pacific Standard Time)	alarm
Fri Nov 08 2013 19:37:25 GMT-0800 (Pacific Standard Time)	alarm
Fri Nov 08 2013 19:37:31 GMT-0800 (Pacific Standard Time)	alarm
Fri Nov 08 2013 19:37:37 GMT-0800 (Pacific Standard Time)	alarm
Fri Nov 08 2013 19:37:43 GMT-0800 (Pacific Standard Time)	alarm
Fri Nov 08 2013 19:37:49 GMT-0800 (Pacific Standard Time)	alarm
Fri Nov 08 2013 19:37:55 GMT-0800 (Pacific Standard Time)	alarm
Fri Nov 08 2013 19:37:57 GMT-0800 (Pacific Standard Time)	ack
Fri Nov 08 2013 19:39:09 GMT-0800 (Pacific Standard Time)	alarm
Fri Nov 08 2013 19:39:15 GMT-0800 (Pacific Standard Time)	alarm
Fri Nov 08 2013 19:39:21 GMT-0800 (Pacific Standard Time)	alarm
Fri Nov 08 2013 19:39:22 GMT-0800 (Pacific Standard Time)	ack
Fri Nov 08 2013 19:42:02 GMT-0800 (Pacific Standard Time)	alarm
Fri Nov 08 2013 19:42:08 GMT-0800 (Pacific Standard Time)	alarm
Fri Nov 08 2013 19:42:14 GMT-0800 (Pacific Standard Time)	alarm
Fri Nov 08 2013 19:42:23 GMT-0800 (Pacific Standard Time)	alarm
Fri Nov 08 2013 19:42:29 GMT-0800 (Pacific Standard Time)	alarm
Fri Nov 08 2013 19:42:35 GMT-0800 (Pacific Standard Time)	alarm
Fri Nov 08 2013 19:42:41 GMT-0800 (Pacific Standard Time)	alarm
Fri Nov 08 2013 19:42:50 GMT-0800 (Pacific Standard Time)	alarm
Fri Nov 08 2013 19:42:56 GMT-0800 (Pacific Standard Time)	alarm
Fri Nov 08 2013 19:43:02 GMT-0800 (Pacific Standard Time)	alarm
Fri Nov 08 2013 19:43:08 GMT-0800 (Pacific Standard Time)	alarm
Fri Nov 08 2013 19:43:18 GMT-0800 (Pacific Standard Time)	alarm
Fri Nov 08 2013 19:43:24 GMT-0800 (Pacific Standard Time)	alarm
Fri Nov 08 2013 19:43:30 GMT-0800 (Pacific Standard Time)	alarm
Fri Nov 08 2013 19:43:36 GMT-0800 (Pacific Standard Time)	alarm
Fri Nov 08 2013 19:43:42 GMT-0800 (Pacific Standard Time)	alarm
Fri Nov 08 2013 19:43:48 GMT-0800 (Pacific Standard Time)	alarm
Fri Nov 08 2013 19:43:55 GMT-0800 (Pacific Standard Time)	alarm
Fri Nov 08 2013 19:44:01 GMT-0800 (Pacific Standard Time)	alarm
Fri Nov 08 2013 19:44:07 GMT-0800 (Pacific Standard Time)	alarm
Fri Nov 08 2013 19:44:13 GMT-0800 (Pacific Standard Time)	alarm
Fri Nov 08 2013 19:44:19 GMT-0800 (Pacific Standard Time)	alarm
Fri Nov 08 2013 19:44:25 GMT-0800 (Pacific Standard Time)	alarm
Fri Nov 08 2013 19:44:31 GMT-0800 (Pacific Standard Time)	alarm
Fri Nov 08 2013 19:44:37 GMT-0800 (Pacific Standard Time)	alarm
Fri Nov 08 2013 19:44:43 GMT-0800 (Pacific Standard Time)	alarm
Fri Nov 08 2013 19:44:49 GMT-0800 (Pacific Standard Time)	alarm
Fri Nov 08 2013 19:44:55 GMT-0800 (Pacific Standard Time)	alarm
Fri Nov 08 2013 19:45:09 GMT-0800 (Pacific Standard Time)	alarm
Fri Nov 08 2013 19:45:15 GMT-0800 (Pacific Standard Time)	alarm
Fri Nov 08 2013 19:45:21 GMT-0800 (Pacific Standard Time)	alarm
Fri Nov 08 2013 19:45:27 GMT-0800 (Pacific Standard Time)	alarm
Fri Nov 08 2013 19:45:33 GMT-0800 (Pacific Standard Time)	alarm
Fri Nov 08 2013 19:45:39 GMT-0800 (Pacific Standard Time)	alarm
Fri Nov 08 2013 19:45:45 GMT-0800 (Pacific Standard Time)	alarm
Fri Nov 08 2013 19:45:51 GMT-0800 (Pacific Standard Time)	alarm
Fri Nov 08 2013 19:45:57 GMT-0800 (Pacific Standard Time)	alarm
Fri Nov 08 2013 19:46:03 GMT-0800 (Pacific Standard Time)	alarm
Fri Nov 08 2013 19:46:09 GMT-0800 (Pacific Standard Time)	alarm
Fri Nov 08 2013 19:46:15 GMT-0800 (Pacific Standard Time)	alarm
Fri Nov 08 2013 19:46:21 GMT-0800 (Pacific Standard Time)	alarm
Fri Nov 08 2013 19:46:27 GMT-0800 (Pacific Standard Time)	alarm
Fri Nov 08 2013 19:46:33 GMT-0800 (Pacific Standard Time)	alarm
Fri Nov 08 2013 19:46:39 GMT-0800 (Pacific Standard Time)	alarm
Fri Nov 08 2013 19:46:48 GMT-0800 (Pacific Standard Time)	alarm
Fri Nov 08 2013 19:46:54 GMT-0800 (Pacific Standard Time)	alarm
Fri Nov 08 2013 19:47:00 GMT-0800 (Pacific Standard Time)	alarm
Fri Nov 08 2013 19:47:06 GMT-0800 (Pacific Standard Time)	alarm
Fri Nov 08 2013 19:47:12 GMT-0800 (Pacific Standard Time)	alarm
Fri Nov 08 2013 19:47:18 GMT-0800 (Pacific Standard Time)	alarm
Fri Nov 08 2013 20:09:02 GMT-0800 (Pacific Standard Time)	alarm
Fri Nov 08 2013 20:16:19 GMT-0800 (Pacific Standard Time)	alarm
Fri Nov 08 2013 20:16:25 GMT-0800 (Pacific Standard Time)	alarm
Fri Nov 08 2013 20:16:31 GMT-0800 (Pacific Standard Time)	alarm
Fri Nov 08 2013 20:16:37 GMT-0800 (Pacific Standard Time)	alarm
Fri Nov 08 2013 20:16:43 GMT-0800 (Pacific Standard Time)	alarm
Fri Nov 08 2013 20:16:49 GMT-0800 (Pacific Standard Time)	alarm
Fri Nov 08 2013 20:16:55 GMT-0800 (Pacific Standard Time)	alarm
Fri Nov 08 2013 20:17:01 GMT-0800 (Pacific Standard Time)	alarm
Fri Nov 08 2013 20:17:07 GMT-0800 (Pacific Standard Time)	alarm
Fri Nov 08 2013 20:17:13 GMT-0800 (Pacific Standard Time)	alarm
Fri Nov 08 2013 20:17:39 GMT-0800 (Pacific Standard Time)	alarm
Fri Nov 08 2013 20:17:45 GMT-0800 (Pacific Standard Time)	alarm
Fri Nov 08 2013 20:17:51 GMT-0800 (Pacific Standard Time)	alarm
Fri Nov 08 2013 20:17:57 GMT-0800 (Pacific Standard Time)	alarm
Fri Nov 08 2013 20:18:03 GMT-0800 (Pacific Standard Time)	alarm
Fri Nov 08 2013 20:18:09 GMT-0800 (Pacific Standard Time)	alarm
Fri Nov 08 2013 20:18:15 GMT-0800 (Pacific Standard Time)	alarm
Fri Nov 08 2013 20:21:07 GMT-0800 (Pacific Standard Time)	alarm
Fri Nov 08 2013 20:23:49 GMT-0800 (Pacific Standard Time)	alarm
Fri Nov 08 2013 20:24:10 GMT-0800 (Pacific Standard Time)	ack
Fri Nov 08 2013 20:43:08 GMT-0800 (Pacific Standard Time)	alarm
Fri Nov 08 2013 21:00:14 GMT-0800 (Pacific Standard Time)	alarm
Fri Nov 08 2013 21:00:27 GMT-0800 (Pacific Standard Time)	ack
Fri Nov 08 2013 21:34:19 GMT-0800 (Pacific Standard Time)	alarm
Fri Nov 08 2013 21:34:45 GMT-0800 (Pacific Standard Time)	ack
Fri Nov 08 2013 22:01:39 GMT-0800 (Pacific Standard Time)	alarm
Fri Nov 08 2013 22:02:39 GMT-0800 (Pacific Standard Time)	alarm
Fri Nov 08 2013 22:03:39 GMT-0800 (Pacific Standard Time)	alarm
Fri Nov 08 2013 22:04:39 GMT-0800 (Pacific Standard Time)	alarm
Fri Nov 08 2013 22:05:40 GMT-0800 (Pacific Standard Time)	alarm
Sat Nov 09 2013 06:02:20 GMT-0800 (Pacific Standard Time)	alarm
Sat Nov 09 2013 06:03:20 GMT-0800 (Pacific Standard Time)	alarm
Sat Nov 09 2013 06:04:20 GMT-0800 (Pacific Standard Time)	alarm
Sat Nov 09 2013 06:05:20 GMT-0800 (Pacific Standard Time)	alarm
Sat Nov 09 2013 06:06:20 GMT-0800 (Pacific Standard Time)	alarm
Sat Nov 09 2013 06:07:20 GMT-0800 (Pacific Standard Time)	alarm
Sat Nov 09 2013 06:08:20 GMT-0800 (Pacific Standard Time)	alarm
Sat Nov 09 2013 06:09:20 GMT-0800 (Pacific Standard Time)	alarm
Sat Nov 09 2013 06:10:20 GMT-0800 (Pacific Standard Time)	alarm
Sat Nov 09 2013 06:11:20 GMT-0800 (Pacific Standard Time)	alarm
Sat Nov 09 2013 06:12:20 GMT-0800 (Pacific Standard Time)	alarm
Sat Nov 09 2013 06:13:21 GMT-0800 (Pacific Standard Time)	alarm
Sat Nov 09 2013 06:14:21 GMT-0800 (Pacific Standard Time)	alarm
Sat Nov 09 2013 06:15:21 GMT-0800 (Pacific Standard Time)	alarm
Sat Nov 09 2013 06:16:21 GMT-0800 (Pacific Standard Time)	alarm
Sat Nov 09 2013 06:17:21 GMT-0800 (Pacific Standard Time)	alarm
Sat Nov 09 2013 06:18:21 GMT-0800 (Pacific Standard Time)	alarm
Sat Nov 09 2013 06:19:21 GMT-0800 (Pacific Standard Time)	alarm
Sat Nov 09 2013 06:20:21 GMT-0800 (Pacific Standard Time)	alarm
Sat Nov 09 2013 06:21:21 GMT-0800 (Pacific Standard Time)	alarm
Sat Nov 09 2013 06:22:21 GMT-0800 (Pacific Standard Time)	alarm
Sat Nov 09 2013 06:23:21 GMT-0800 (Pacific Standard Time)	alarm
Sat Nov 09 2013 06:24:21 GMT-0800 (Pacific Standard Time)	alarm
Sat Nov 09 2013 06:25:21 GMT-0800 (Pacific Standard Time)	alarm
Sat Nov 09 2013 06:26:21 GMT-0800 (Pacific Standard Time)	alarm
Sat Nov 09 2013 06:27:21 GMT-0800 (Pacific Standard Time)	alarm
Sat Nov 09 2013 06:28:21 GMT-0800 (Pacific Standard Time)	alarm
Sat Nov 09 2013 06:29:21 GMT-0800 (Pacific Standard Time)	alarm
Sat Nov 09 2013 06:30:21 GMT-0800 (Pacific Standard Time)	alarm
Sat Nov 09 2013 06:31:21 GMT-0800 (Pacific Standard Time)	alarm
Sat Nov 09 2013 06:32:21 GMT-0800 (Pacific Standard Time)	alarm
Sat Nov 09 2013 06:33:21 GMT-0800 (Pacific Standard Time)	alarm
Sat Nov 09 2013 06:34:21 GMT-0800 (Pacific Standard Time)	alarm
Sat Nov 09 2013 06:35:21 GMT-0800 (Pacific Standard Time)	alarm
Sat Nov 09 2013 06:36:21 GMT-0800 (Pacific Standard Time)	alarm
Sat Nov 09 2013 06:37:21 GMT-0800 (Pacific Standard Time)	alarm
Sat Nov 09 2013 06:38:21 GMT-0800 (Pacific Standard Time)	alarm
Sat Nov 09 2013 06:51:00 GMT-0800 (Pacific Standard Time)	urgent_alarm
Sat Nov 09 2013 06:51:16 GMT-0800 (Pacific Standard Time)	ack
Sat Nov 09 2013 06:55:24 GMT-0800 (Pacific Standard Time)	urgent_alarm
Sat Nov 09 2013 06:55:32 GMT-0800 (Pacific Standard Time)	ack
Sat Nov 09 2013 07:05:08 GMT-0800 (Pacific Standard Time)	urgent_alarm
Sat Nov 09 2013 07:05:24 GMT-0800 (Pacific Standard Time)	ack
Sat Nov 09 2013 07:06:42 GMT-0800 (Pacific Standard Time)	urgent_alarm
Sat Nov 09 2013 07:06:57 GMT-0800 (Pacific Standard Time)	ack
Sat Nov 09 2013 07:10:11 GMT-0800 (Pacific Standard Time)	urgent_alarm
Sat Nov 09 2013 07:10:13 GMT-0800 (Pacific Standard Time)	ack
Sat Nov 09 2013 07:13:22 GMT-0800 (Pacific Standard Time)	urgent_alarm
Sat Nov 09 2013 07:14:22 GMT-0800 (Pacific Standard Time)	urgent_alarm
Sat Nov 09 2013 07:15:22 GMT-0800 (Pacific Standard Time)	urgent_alarm
Sat Nov 09 2013 07:16:22 GMT-0800 (Pacific Standard Time)	urgent_alarm
Sat Nov 09 2013 07:17:22 GMT-0800 (Pacific Standard Time)	urgent_alarm
Sat Nov 09 2013 07:18:22 GMT-0800 (Pacific Standard Time)	urgent_alarm
Sat Nov 09 2013 07:19:22 GMT-0800 (Pacific Standard Time)	urgent_alarm
Sat Nov 09 2013 07:20:22 GMT-0800 (Pacific Standard Time)	urgent_alarm
Sat Nov 09 2013 07:21:22 GMT-0800 (Pacific Standard Time)	urgent_alarm
Sat Nov 09 2013 07:22:22 GMT-0800 (Pacific Standard Time)	urgent_alarm
Sat Nov 09 2013 07:23:22 GMT-0800 (Pacific Standard Time)	urgent_alarm
Sat Nov 09 2013 07:29:22 GMT-0800 (Pacific Standard Time)	urgent_alarm
Sat Nov 09 2013 07:30:22 GMT-0800 (Pacific Standard Time)	urgent_alarm
Sat Nov 09 2013 07:31:22 GMT-0800 (Pacific Standard Time)	urgent_alarm
Sat Nov 09 2013 07:31:51 GMT-0800 (Pacific Standard Time)	ack
Sat Nov 09 2013 07:47:10 GMT-0800 (Pacific Standard Time)	alarm
Sat Nov 09 2013 07:47:22 GMT-0800 (Pacific Standard Time)	ack
Sat Nov 09 2013 08:28:10 GMT-0800 (Pacific Standard Time)	alarm
Sat Nov 09 2013 08:29:10 GMT-0800 (Pacific Standard Time)	alarm
Sat Nov 09 2013 08:30:10 GMT-0800 (Pacific Standard Time)	alarm
Sat Nov 09 2013 08:31:10 GMT-0800 (Pacific Standard Time)	alarm
Sat Nov 09 2013 08:32:10 GMT-0800 (Pacific Standard Time)	alarm
Sat Nov 09 2013 08:33:10 GMT-0800 (Pacific Standard Time)	alarm
Sat Nov 09 2013 08:34:10 GMT-0800 (Pacific Standard Time)	alarm
Sat Nov 09 2013 08:35:10 GMT-0800 (Pacific Standard Time)	alarm
Sat Nov 09 2013 08:36:10 GMT-0800 (Pacific Standard Time)	alarm
Sat Nov 09 2013 08:37:10 GMT-0800 (Pacific Standard Time)	alarm
Sat Nov 09 2013 08:38:10 GMT-0800 (Pacific Standard Time)	alarm
Sat Nov 09 2013 08:39:10 GMT-0800 (Pacific Standard Time)	alarm
Sat Nov 09 2013 08:40:06 GMT-0800 (Pacific Standard Time)	ack
Sat Nov 09 2013 12:09:15 GMT-0800 (Pacific Standard Time)	alarm
Sat Nov 09 2013 12:10:15 GMT-0800 (Pacific Standard Time)	alarm
Sat Nov 09 2013 12:11:15 GMT-0800 (Pacific Standard Time)	alarm
Sat Nov 09 2013 12:12:15 GMT-0800 (Pacific Standard Time)	alarm
Sat Nov 09 2013 12:13:15 GMT-0800 (Pacific Standard Time)	alarm
Sat Nov 09 2013 12:14:15 GMT-0800 (Pacific Standard Time)	alarm
Sat Nov 09 2013 12:15:15 GMT-0800 (Pacific Standard Time)	alarm
Sat Nov 09 2013 12:16:15 GMT-0800 (Pacific Standard Time)	alarm
Sat Nov 09 2013 12:17:15 GMT-0800 (Pacific Standard Time)	alarm
Sat Nov 09 2013 12:18:15 GMT-0800 (Pacific Standard Time)	alarm
Sat Nov 09 2013 12:19:15 GMT-0800 (Pacific Standard Time)	alarm
Sat Nov 09 2013 12:20:15 GMT-0800 (Pacific Standard Time)	alarm
Sat Nov 09 2013 12:21:15 GMT-0800 (Pacific Standard Time)	alarm
Sat Nov 09 2013 12:22:15 GMT-0800 (Pacific Standard Time)	alarm
Sat Nov 09 2013 12:23:15 GMT-0800 (Pacific Standard Time)	alarm
Sat Nov 09 2013 12:24:15 GMT-0800 (Pacific Standard Time)	alarm
Sat Nov 09 2013 12:25:15 GMT-0800 (Pacific Standard Time)	alarm
Sat Nov 09 2013 12:26:15 GMT-0800 (Pacific Standard Time)	alarm
Sat Nov 09 2013 12:27:15 GMT-0800 (Pacific Standard Time)	alarm
Sat Nov 09 2013 12:28:15 GMT-0800 (Pacific Standard Time)	alarm
Sat Nov 09 2013 12:29:15 GMT-0800 (Pacific Standard Time)	urgent_alarm
Sat Nov 09 2013 12:30:15 GMT-0800 (Pacific Standard Time)	urgent_alarm
Sat Nov 09 2013 12:31:15 GMT-0800 (Pacific Standard Time)	urgent_alarm
Sat Nov 09 2013 12:32:15 GMT-0800 (Pacific Standard Time)	urgent_alarm
Sat Nov 09 2013 12:33:15 GMT-0800 (Pacific Standard Time)	urgent_alarm
Sat Nov 09 2013 12:34:15 GMT-0800 (Pacific Standard Time)	urgent_alarm
Sat Nov 09 2013 12:35:15 GMT-0800 (Pacific Standard Time)	urgent_alarm
Sat Nov 09 2013 12:36:15 GMT-0800 (Pacific Standard Time)	urgent_alarm
Sat Nov 09 2013 12:37:15 GMT-0800 (Pacific Standard Time)	urgent_alarm
Sat Nov 09 2013 12:38:15 GMT-0800 (Pacific Standard Time)	urgent_alarm
Sat Nov 09 2013 12:39:15 GMT-0800 (Pacific Standard Time)	urgent_alarm
Sat Nov 09 2013 12:40:15 GMT-0800 (Pacific Standard Time)	urgent_alarm
Sat Nov 09 2013 12:41:15 GMT-0800 (Pacific Standard Time)	urgent_alarm
Sat Nov 09 2013 12:42:15 GMT-0800 (Pacific Standard Time)	urgent_alarm
Sat Nov 09 2013 12:43:15 GMT-0800 (Pacific Standard Time)	urgent_alarm
Sat Nov 09 2013 12:44:15 GMT-0800 (Pacific Standard Time)	urgent_alarm
Sat Nov 09 2013 12:45:15 GMT-0800 (Pacific Standard Time)	urgent_alarm
Sat Nov 09 2013 12:46:15 GMT-0800 (Pacific Standard Time)	urgent_alarm
Sat Nov 09 2013 12:47:15 GMT-0800 (Pacific Standard Time)	urgent_alarm
Sat Nov 09 2013 12:48:16 GMT-0800 (Pacific Standard Time)	urgent_alarm
Sat Nov 09 2013 12:49:16 GMT-0800 (Pacific Standard Time)	urgent_alarm
Sat Nov 09 2013 12:50:16 GMT-0800 (Pacific Standard Time)	urgent_alarm
Sat Nov 09 2013 12:51:16 GMT-0800 (Pacific Standard Time)	urgent_alarm
Sat Nov 09 2013 12:52:16 GMT-0800 (Pacific Standard Time)	urgent_alarm
Sat Nov 09 2013 12:53:16 GMT-0800 (Pacific Standard Time)	urgent_alarm
Sat Nov 09 2013 12:54:16 GMT-0800 (Pacific Standard Time)	urgent_alarm
Sat Nov 09 2013 12:55:16 GMT-0800 (Pacific Standard Time)	urgent_alarm
Sat Nov 09 2013 12:56:16 GMT-0800 (Pacific Standard Time)	urgent_alarm
Sat Nov 09 2013 12:57:16 GMT-0800 (Pacific Standard Time)	urgent_alarm
Sat Nov 09 2013 12:58:16 GMT-0800 (Pacific Standard Time)	urgent_alarm
Sat Nov 09 2013 12:59:16 GMT-0800 (Pacific Standard Time)	urgent_alarm
Sat Nov 09 2013 13:00:16 GMT-0800 (Pacific Standard Time)	urgent_alarm
Sat Nov 09 2013 13:01:16 GMT-0800 (Pacific Standard Time)	urgent_alarm
Sat Nov 09 2013 13:02:16 GMT-0800 (Pacific Standard Time)	urgent_alarm
Sat Nov 09 2013 13:03:16 GMT-0800 (Pacific Standard Time)	urgent_alarm
Sat Nov 09 2013 13:04:16 GMT-0800 (Pacific Standard Time)	urgent_alarm
Sat Nov 09 2013 13:05:16 GMT-0800 (Pacific Standard Time)	urgent_alarm
Sat Nov 09 2013 13:06:16 GMT-0800 (Pacific Standard Time)	urgent_alarm
Sat Nov 09 2013 13:07:16 GMT-0800 (Pacific Standard Time)	urgent_alarm
Sat Nov 09 2013 13:08:16 GMT-0800 (Pacific Standard Time)	urgent_alarm
Sat Nov 09 2013 13:09:16 GMT-0800 (Pacific Standard Time)	urgent_alarm
Sat Nov 09 2013 13:10:16 GMT-0800 (Pacific Standard Time)	urgent_alarm
Sat Nov 09 2013 13:11:16 GMT-0800 (Pacific Standard Time)	urgent_alarm
Sat Nov 09 2013 13:12:16 GMT-0800 (Pacific Standard Time)	urgent_alarm
Sat Nov 09 2013 13:13:16 GMT-0800 (Pacific Standard Time)	urgent_alarm
Sat Nov 09 2013 13:14:16 GMT-0800 (Pacific Standard Time)	urgent_alarm
Sat Nov 09 2013 13:15:16 GMT-0800 (Pacific Standard Time)	urgent_alarm
Sat Nov 09 2013 13:16:16 GMT-0800 (Pacific Standard Time)	urgent_alarm
Sat Nov 09 2013 13:17:16 GMT-0800 (Pacific Standard Time)	urgent_alarm
Sat Nov 09 2013 13:18:16 GMT-0800 (Pacific Standard Time)	urgent_alarm
Sat Nov 09 2013 13:19:16 GMT-0800 (Pacific Standard Time)	urgent_alarm
Sat Nov 09 2013 13:20:16 GMT-0800 (Pacific Standard Time)	urgent_alarm
Sat Nov 09 2013 13:21:16 GMT-0800 (Pacific Standard Time)	urgent_alarm
Sat Nov 09 2013 13:22:16 GMT-0800 (Pacific Standard Time)	urgent_alarm
Sat Nov 09 2013 13:23:16 GMT-0800 (Pacific Standard Time)	urgent_alarm
Sat Nov 09 2013 13:24:16 GMT-0800 (Pacific Standard Time)	urgent_alarm
Sat Nov 09 2013 13:25:16 GMT-0800 (Pacific Standard Time)	urgent_alarm
Sat Nov 09 2013 13:26:16 GMT-0800 (Pacific Standard Time)	urgent_alarm
Sat Nov 09 2013 13:27:16 GMT-0800 (Pacific Standard Time)	urgent_alarm
Sat Nov 09 2013 13:28:16 GMT-0800 (Pacific Standard Time)	urgent_alarm
Sat Nov 09 2013 13:29:16 GMT-0800 (Pacific Standard Time)	urgent_alarm
Sat Nov 09 2013 13:30:16 GMT-0800 (Pacific Standard Time)	urgent_alarm
Sat Nov 09 2013 13:31:16 GMT-0800 (Pacific Standard Time)	urgent_alarm
Sat Nov 09 2013 13:32:16 GMT-0800 (Pacific Standard Time)	urgent_alarm
Sat Nov 09 2013 13:33:16 GMT-0800 (Pacific Standard Time)	urgent_alarm
Sat Nov 09 2013 13:34:16 GMT-0800 (Pacific Standard Time)	urgent_alarm
Sat Nov 09 2013 13:35:16 GMT-0800 (Pacific Standard Time)	urgent_alarm
Sat Nov 09 2013 13:36:16 GMT-0800 (Pacific Standard Time)	urgent_alarm
Sat Nov 09 2013 13:37:16 GMT-0800 (Pacific Standard Time)	urgent_alarm
Sat Nov 09 2013 13:38:16 GMT-0800 (Pacific Standard Time)	urgent_alarm
Sat Nov 09 2013 13:38:29 GMT-0800 (Pacific Standard Time)	ack
Sat Nov 09 2013 14:19:17 GMT-0800 (Pacific Standard Time)	urgent_alarm
Sat Nov 09 2013 14:20:17 GMT-0800 (Pacific Standard Time)	urgent_alarm
Sat Nov 09 2013 14:20:20 GMT-0800 (Pacific Standard Time)	ack
